Workbook

Sheet Dashboard
A1: 🔐 PROJECT DEPENDENCY & VULNERABILITY TRACKER
A2: Generated: 2025-12-11 19:14 | Track dependencies, frameworks, and vulnerabilities across all projects
A4: 📊 PROJECT OVERVIEW | I4: 🛡️ VULNERABILITY STATUS
A6: Total Projects | C6: Active Projects | E6: Total Dependencies | G6: Total Frameworks | I6: Watching | K6: Critical | M6: High | O6: Affected Deps
A7: =COUNTA(Projects!A:A)-1 -> 5 | C7: =COUNTIF(Projects!G:G,"Active") -> 5 | E7: =COUNTA(Dependencies!A:A)-1 -> 12 | G7: =COUNTA(Frameworks!A:A)-1 -> 10 | I7: =COUNTA(VulnWatch!A:A)-1 -> 8 | K7: =COUNTIF(VulnWatch!E:E,"Critical") -> 3 | M7: =COUNTIF(VulnWatch!E:E,"High") -> 4 | O7: =SUMPRODUCT((VulnWatch!G:G<>"")*1)-1 -> 8
A9: 📦 DEPENDENCY HEALTH | I9: 🏗️ FRAMEWORK STATUS
A11: Up-to-Date | C11: Outdated | E11: Critical Update | G11: EOL/Deprecated | I11: Current | K11: Update Available | M11: Major Behind | O11: Unsupported
A12: =COUNTIF(Dependencies!H:H,"Current") -> 5 | C12: =COUNTIF(Dependencies!H:H,"Outdated") -> 5 | E12: =COUNTIF(Dependencies!H:H,"Critical") -> 2 | G12: =COUNTIF(Dependencies!I:I,"Yes") -> 1 | I12: =COUNTIF(Frameworks!G:G,"Current") -> 5 | K12: =COUNTIF(Frameworks!G:G,"Update Available") -> 4 | M12: =COUNTIF(Frameworks!G:G,"Major Behind") -> 1 | O12: =COUNTIF(Frameworks!G:G,"Unsupported") -> 0
A14: ⚠️ ACTION REQUIRED - ITEMS NEEDING ATTENTION
A16: Priority | B16: Type | C16: Item | D16: Current Version | E16: Issue | F16: Affected Projects | G16: Action Required | H16: Due Date
A17: 🔴 P1 | B17: Vulnerability | C17: CVE-2024-XXXXX | D17: - | E17: Critical RCE in log4j | F17: PROJ-001, PROJ-003 | G17: Immediate upgrade to 2.23.1 | H17: ASAP
A18: 🔴 P1 | B18: Dependency | C18: lodash | D18: 4.17.15 | E18: 3 known CVEs, 6 versions behind | F18: PROJ-001, PROJ-002 | G18: Upgrade to 4.17.21 | H18: 2024-12-01
A19: 🟠 P2 | B19: Framework | C19: Spring Boot | D19: 2.7.18 | E19: EOL Jan 2024, security patches only | F19: PROJ-003 | G19: Plan migration to 3.x | H19: 2024-12-31
A20: 🟠 P2 | B20: Dependency | C20: moment.js | D20: 2.29.4 | E20: Project deprecated, recommend migration | F20: PROJ-001, PROJ-004 | G20: Migrate to dayjs or date-fns | H20: 2025-01-15
A21: 🟡 P3 | B21: Framework | C21: React | D21: 17.0.2 | E21: 2 major versions behind | F21: PROJ-002 | G21: Schedule upgrade to React 18 | H21: 2025-02-01
A23: 📝 RECENT UPDATES | I23: 🔔 VULNERABILITY FEED
A25: Date | B25: Project | C25: Component | D25: From | E25: To | F25: Updated By | I25: Date | J25: CVE | K25: Severity | L25: Component | M25: Our Status | N25: Action
A26: 2024-11-15 | B26: PROJ-001 | C26: express | D26: 4.18.2 | E26: 4.19.2 | F26: jsmith | I26: 2024-11-15 | J26: CVE-2024-9999 | K26: Critical | L26: OpenSSL 3.x | M26: Not Affected | N26: No action
A27: 2024-11-14 | B27: PROJ-002 | C27: React | D27: 17.0.2 | E27: 18.2.0 | F27: achen | I27: 2024-11-14 | J27: CVE-2024-8888 | K27: High | L27: Node.js | M27: Investigating | N27: Review usage
A28: 2024-11-13 | B28: PROJ-003 | C28: Django | D28: 4.1.0 | E28: 4.2.7 | F28: mwilson | I28: 2024-11-13 | J28: CVE-2024-7777 | K28: Medium | L28: PostgreSQL | M28: Patching | N28: Scheduled
A29: 2024-11-12 | B29: PROJ-001 | C29: axios | D29: 1.4.0 | E29: 1.6.2 | F29: jsmith | I29: 2024-11-12 | J29: CVE-2024-6666 | K29: Critical | L29: curl | M29: Patched | N29: Complete

Sheet Projects
A1: Project ID | B1: Project Name | C1: Description | D1: Business Unit | E1: Owner | F1: Tech Lead | G1: Status | H1: Environment | I1: Criticality | J1: Repository URL | K1: CI/CD Pipeline | L1: Last Scan Date | M1: Total Deps | N1: Outdated Deps | O1: Vulnerable Deps | P1: Framework Count | Q1: Risk Score | R1: Compliance | S1: Data Classification | T1: Internet Facing | U1: Created Date | V1: Notes
A2: PROJ-001 | B2: Customer Portal | C2: Customer-facing web application | D2: Sales | E2: Jane Doe | F2: John Smith | G2: Active | H2: Production | I2: Critical | J2: https://github.com/corp/portal | K2: Jenkins | L2: 2024-11-15 | M2: =COUNTIF(Dependencies!L:L,A2) -> 1 | N2: =COUNTIF(Dependencies!L:L,A2)-SUMPRODUCT((Dependencies!L:L=A2)*(Dependencies!H:H="Current")) -> 0 | O2: =SUMPRODUCT((Dependencies!L:L=A2)*(Dependencies!J:J>0)) -> 0 | P2: =COUNTIF(Frameworks!J:J,A2) -> 2 | R2: SOC2, PCI-DSS | S2: Confidential | T2: Yes | U2: 2023-01-15 | V2: Primary revenue application
A3: PROJ-002 | B3: Internal Dashboard | C3: Analytics and reporting tool | D3: Operations | E3: Bob Wilson | F3: Sarah Chen | G3: Active | H3: Production | I3: High | J3: https://github.com/corp/dashboard | K3: GitHub Actions | L3: 2024-11-14 | M3: =COUNTIF(Dependencies!L:L,A3) -> 1 | N3: =COUNTIF(Dependencies!L:L,A3)-SUMPRODUCT((Dependencies!L:L=A3)*(Dependencies!H:H="Current")) -> 0 | O3: =SUMPRODUCT((Dependencies!L:L=A3)*(Dependencies!J:J>0)) -> 0 | P3: =COUNTIF(Frameworks!J:J,A3) -> 2 | R3: SOC2 | S3: Internal | T3: No | U3: 2023-03-20 | V3: Business intelligence
A4: PROJ-003 | B4: Payment Service | C4: Payment processing microservice | D4: Finance | E4: Mike Johnson | F4: Lisa Wang | G4: Active | H4: Production | I4: Critical | J4: https://github.com/corp/payments | K4: GitLab CI | L4: 2024-11-15 | M4: =COUNTIF(Dependencies!L:L,A4) -> 3 | N4: =COUNTIF(Dependencies!L:L,A4)-SUMPRODUCT((Dependencies!L:L=A4)*(Dependencies!H:H="Current")) -> 3 | O4: =SUMPRODUCT((Dependencies!L:L=A4)*(Dependencies!J:J>0)) -> 3 | P4: =COUNTIF(Frameworks!J:J,A4) -> 1 | R4: PCI-DSS, SOX | S4: Highly Confidential | T4: Yes | U4: 2022-08-10 | V4: Core payment processing
A5: PROJ-004 | B5: Mobile API | C5: Backend API for mobile apps | D5: Product | E5: Emily Davis | F5: Tom Brown | G5: Active | H5: Production | I5: High | J5: https://github.com/corp/mobile-api | K5: CircleCI | L5: 2024-11-13 | M5: =COUNTIF(Dependencies!L:L,A5) -> 1 | N5: =COUNTIF(Dependencies!L:L,A5)-SUMPRODUCT((Dependencies!L:L=A5)*(Dependencies!H:H="Current")) -> 0 | O5: =SUMPRODUCT((Dependencies!L:L=A5)*(Dependencies!J:J>0)) -> 0 | P5: =COUNTIF(Frameworks!J:J,A5) -> 2 | R5: SOC2 | S5: Confidential | T5: Yes | U5: 2023-06-01 | V5: iOS and Android backend
A6: PROJ-005 | B6: Data Pipeline | C6: ETL and data processing | D6: Data | E6: Chris Anderson | F6: Nina Patel | G6: Active | H6: Production | I6: Medium | J6: https://github.com/corp/data-pipeline | K6: Airflow | L6: 2024-11-12 | M6: =COUNTIF(Dependencies!L:L,A6) -> 0 | N6: =COUNTIF(Dependencies!L:L,A6)-SUMPRODUCT((Dependencies!L:L=A6)*(Dependencies!H:H="Current")) -> 0 | O6: =SUMPRODUCT((Dependencies!L:L=A6)*(Dependencies!J:J>0)) -> 0 | P6: =COUNTIF(Frameworks!J:J,A6) -> 1 | R6: GDPR | S6: Internal | T6: No | U6: 2023-09-15 | V6: Data warehouse ETL

Sheet TechStack
A1: 🛠️ TECHNOLOGY STACK BY PROJECT
A3: Project ID | B3: Project Name | C3: Languages | D3: Frontend Framework | E3: Backend Framework | F3: Database | G3: Cache/Queue | H3: Cloud Provider | I3: Container/Orchestration | J3: CI/CD | K3: Monitoring | L3: Logging | M3: Auth Provider | N3: CDN | O3: Other Services | P3: Last Updated
A4: PROJ-001 | B4: Customer Portal | C4: TypeScript, JavaScript | D4: React 18.2.0 | E4: Node.js 20.x / Express 4.19.2 | F4: PostgreSQL 15.4 | G4: Redis 7.2 | H4: AWS | I4: Docker / ECS | J4: GitHub Actions | K4: Datadog | L4: CloudWatch | M4: Auth0 | N4: CloudFront | O4: S3, SQS, Lambda | P4: 2024-11-15
A5: PROJ-002 | B5: Internal Dashboard | C5: Python, JavaScript | D5: Vue.js 3.4.0 | E5: Django 4.2.7 | F5: PostgreSQL 14.9 | G5: Celery / RabbitMQ | H5: GCP | I5: Docker / GKE | J5: Cloud Build | K5: Prometheus/Grafana | L5: ELK Stack | M5: Google OAuth | N5: - | O5: BigQuery, Pub/Sub | P5: 2024-11-14
A6: PROJ-003 | B6: Payment Service | C6: Java 17, Kotlin | D6: - | E6: Spring Boot 3.2.0 | F6: Oracle 19c | G6: Kafka 3.6 | H6: AWS | I6: Docker / EKS | J6: Jenkins | K6: New Relic | L6: Splunk | M6: Okta | N6: - | O6: SQS, Secrets Manager | P6: 2024-11-15
A7: PROJ-004 | B7: Mobile API | C7: Go 1.21, Python | D7: - | E7: Gin 1.9.1 / FastAPI 0.104 | F7: MongoDB 7.0 | G7: Redis 7.2 | H7: AWS | I7: Docker / ECS | J7: CircleCI | K7: Datadog | L7: CloudWatch | M7: Firebase Auth | N7: CloudFront | O7: S3, SNS | P7: 2024-11-13
A8: PROJ-005 | B8: Data Pipeline | C8: Python 3.11, SQL | D8: - | E8: Apache Airflow 2.8 | F8: Snowflake | G8: Apache Kafka | H8: AWS | I8: Docker / MWAA | J8: Airflow DAGs | K8: CloudWatch | L8: CloudWatch Logs | M8: IAM Roles | N8: - | O8: Glue, Redshift, S3 | P8: 2024-11-12

Sheet Dependencies
A1: Dep ID | B1: Package Name | C1: Type | D1: Current Version | E1: Latest Stable | F1: Latest Version | G1: Versions Behind | H1: Update Status | I1: EOL/Deprecated | J1: Known CVEs | K1: CVSS High | L1: Used In Projects | M1: Direct/Transitive | N1: License | O1: License Risk | P1: Registry | Q1: Last Checked | R1: Update Priority | S1: Breaking Changes | T1: Migration Notes | U1: Owner
A2: DEP-001 | B2: lodash | C2: npm | D2: 4.17.15 | E2: 4.17.21 | F2: 4.17.21 | G2: 6 | H2: Outdated | I2: No | J2: 3 | K2: 7.5 | L2: PROJ-001,PROJ-002 | M2: Direct | N2: MIT | O2: Low | P2: npmjs.com | Q2: 2024-11-15 | R2: High | S2: No | T2: Minor version bump only | U2: Frontend Team
A3: DEP-002 | B3: express | C3: npm | D3: 4.18.2 | E3: 4.19.2 | F3: 4.19.2 | G3: 2 | H3: Outdated | I3: No | J3: 1 | K3: 5.3 | L3: PROJ-001,PROJ-004 | M3: Direct | N3: MIT | O3: Low | P3: npmjs.com | Q3: 2024-11-15 | R3: Medium | S3: No | T3: Security patch for path traversal | U3: Backend Team
A4: DEP-003 | B4: react | C4: npm | D4: 18.2.0 | E4: 18.2.0 | F4: 18.2.0 | G4: 0 | H4: Current | I4: No | J4: 0 | K4: 0 | L4: PROJ-001 | M4: Direct | N4: MIT | O4: Low | P4: npmjs.com | Q4: 2024-11-15 | R4: None | S4: No | T4: - | U4: Frontend Team
A5: DEP-004 | B5: log4j-core | C5: maven | D5: 2.17.1 | E5: 2.23.1 | F5: 2.23.1 | G5: 12 | H5: Critical | I5: No | J5: 2 | K5: 10 | L5: PROJ-003 | M5: Direct | N5: Apache-2.0 | O5: Low | P5: maven-central | Q5: 2024-11-15 | R5: Critical | S5: Yes | T5: Log4Shell patches, API changes in 2.20+ | U5: Backend Team
A6: DEP-005 | B6: spring-boot-starter | C6: maven | D6: 2.7.18 | E6: 3.2.0 | F6: 3.2.0 | G6: 8 | H6: Critical | I6: No | J6: 4 | K6: 8.1 | L6: PROJ-003 | M6: Direct | N6: Apache-2.0 | O6: Low | P6: maven-central | Q6: 2024-11-15 | R6: Critical | S6: Yes | T6: Java 17 required, Jakarta EE migration | U6: Backend Team
A7: DEP-006 | B7: moment | C7: npm | D7: 2.29.4 | E7: 2.30.1 | F7: 2.30.1 | G7: 1 | H7: Outdated | I7: Yes | J7: 1 | K7: 7.5 | L7: PROJ-001,PROJ-002,PROJ-004 | M7: Direct | N7: MIT | O7: Low | P7: npmjs.com | Q7: 2024-11-15 | R7: Medium | S7: No | T7: Project in maintenance mode, consider dayjs | U7: Frontend Team
A8: DEP-007 | B8: axios | C8: npm | D8: 1.6.2 | E8: 1.6.2 | F8: 1.6.2 | G8: 0 | H8: Current | I8: No | J8: 0 | K8: 0 | L8: PROJ-001,PROJ-002,PROJ-004 | M8: Direct | N8: MIT | O8: Low | P8: npmjs.com | Q8: 2024-11-15 | R8: None | S8: No | T8: - | U8: Frontend Team
A9: DEP-008 | B9: django | C9: pypi | D9: 4.2.7 | E9: 4.2.7 | F9: 5.0.0 | G9: 0 | H9: Current | I9: No | J9: 0 | K9: 0 | L9: PROJ-002 | M9: Direct | N9: BSD-3 | O9: Low | P9: pypi.org | Q9: 2024-11-14 | R9: None | S9: Yes | T9: Django 5 available but breaking changes | U9: Backend Team
A10: DEP-009 | B10: psycopg2 | C10: pypi | D10: 2.9.9 | E10: 2.9.9 | F10: 2.9.9 | G10: 0 | H10: Current | I10: No | J10: 0 | K10: 0 | L10: PROJ-002,PROJ-005 | M10: Direct | N10: LGPL | O10: Medium | P10: pypi.org | Q10: 2024-11-14 | R10: None | S10: No | T10: - | U10: Backend Team
A11: DEP-010 | B11: requests | C11: pypi | D11: 2.28.0 | E11: 2.31.0 | F11: 2.31.0 | G11: 3 | H11: Outdated | I11: No | J11: 1 | K11: 5.9 | L11: PROJ-002,PROJ-005 | M11: Direct | N11: Apache-2.0 | O11: Low | P11: pypi.org | Q11: 2024-11-14 | R11: Medium | S11: No | T11: SSL verification fix | U11: Backend Team
A12: DEP-011 | B12: gin | C12: go | D12: 1.9.1 | E12: 1.9.1 | F12: 1.9.1 | G12: 0 | H12: Current | I12: No | J12: 0 | K12: 0 | L12: PROJ-004 | M12: Direct | N12: MIT | O12: Low | P12: pkg.go.dev | Q12: 2024-11-13 | R12: None | S12: No | T12: - | U12: Backend Team
A13: DEP-012 | B13: jackson-databind | C13: maven | D13: 2.15.3 | E13: 2.16.0 | F13: 2.16.0 | G13: 1 | H13: Outdated | I13: No | J13: 2 | K13: 7.5 | L13: PROJ-003 | M13: Transitive | N13: Apache-2.0 | O13: Low | P13: maven-central | Q13: 2024-11-15 | R13: High | S13: No | T13: Deserialization CVEs | U13: Backend Team

Sheet Frameworks
A1: FW ID | B1: Framework Name | C1: Category | D1: Current Version | E1: Latest Stable | F1: Latest Version | G1: Update Status | H1: EOL Date | I1: LTS Until | J1: Used In Projects | K1: Known CVEs | L1: CVSS High | M1: Update Priority | N1: Breaking Changes | O1: Migration Complexity | P1: Upgrade Path | Q1: Last Checked | R1: Notes
A2: FW-001 | B2: React | C2: Frontend | D2: 18.2.0 | E2: 18.2.0 | F2: 18.2.0 | G2: Current | H2: - | I2: - | J2: PROJ-001 | K2: 0 | L2: 0 | M2: None | N2: No | O2: - | P2: - | Q2: 2024-11-15 | R2: Latest stable
A3: FW-002 | B3: Vue.js | C3: Frontend | D3: 3.4.0 | E3: 3.4.15 | F3: 3.4.15 | G3: Update Available | H3: - | I3: - | J3: PROJ-002 | K3: 0 | L3: 0 | M3: Low | N3: No | O3: Low | P3: 3.4.0 -> 3.4.15 | Q3: 2024-11-14 | R3: Minor update available
A4: FW-003 | B4: Node.js | C4: Runtime | D4: 20.10.0 | E4: 20.10.0 | F4: 21.4.0 | G4: Current | H4: 2026-04-30 | I4: 2026-04-30 | J4: PROJ-001,PROJ-004 | K4: 0 | L4: 0 | M4: None | N4: Yes | O4: - | P4: - | Q4: 2024-11-15 | R4: LTS version
A5: FW-004 | B5: Spring Boot | C5: Backend | D5: 2.7.18 | E5: 3.2.0 | F5: 3.2.0 | G5: Major Behind | H5: 2023-11-24 | I5: - | J5: PROJ-003 | K5: 4 | L5: 8.1 | M5: Critical | N5: Yes | O5: High | P5: 2.7 -> 3.0 -> 3.1 -> 3.2 | Q5: 2024-11-15 | R5: EOL, migrate to 3.x
A6: FW-005 | B6: Django | C6: Backend | D6: 4.2.7 | E6: 4.2.7 | F6: 5.0.0 | G6: Current | H6: 2026-04-01 | I6: 2026-04-01 | J6: PROJ-002 | K6: 0 | L6: 0 | M6: None | N6: Yes | O6: - | P6: - | Q6: 2024-11-14 | R6: LTS version, 5.0 available
A7: FW-006 | B7: Express.js | C7: Backend | D7: 4.19.2 | E7: 4.19.2 | F7: 4.19.2 | G7: Current | H7: - | I7: - | J7: PROJ-001 | K7: 0 | L7: 0 | M7: None | N7: No | O7: - | P7: - | Q7: 2024-11-15 | R7: Latest stable
A8: FW-007 | B8: FastAPI | C8: Backend | D8: 0.104.0 | E8: 0.104.1 | F8: 0.104.1 | G8: Update Available | H8: - | I8: - | J8: PROJ-004 | K8: 0 | L8: 0 | M8: Low | N8: No | O8: Low | P8: 0.104.0 -> 0.104.1 | Q8: 2024-11-13 | R8: Patch update
A9: FW-008 | B9: Apache Airflow | C9: Data | D9: 2.8.0 | E9: 2.8.0 | F9: 2.8.0 | G9: Current | H9: - | I9: - | J9: PROJ-005 | K9: 1 | L9: 6.5 | M9: Medium | N9: No | O9: - | P9: - | Q9: 2024-11-12 | R9: Monitor CVE-2024-XXXX
A10: FW-009 | B10: PostgreSQL | C10: Database | D10: 15.4 | E10: 15.5 | F10: 16.1 | G10: Update Available | H10: 2027-11-11 | I10: - | J10: PROJ-001,PROJ-002 | K10: 0 | L10: 0 | M10: Low | N10: No | O10: Low | P10: 15.4 -> 15.5 | Q10: 2024-11-15 | R10: Patch available
A11: FW-010 | B11: MongoDB | C11: Database | D11: 7.0.0 | E11: 7.0.4 | F11: 7.0.4 | G11: Update Available | H11: - | I11: - | J11: PROJ-004 | K11: 0 | L11: 0 | M11: Medium | N11: No | O11: Low | P11: 7.0.0 -> 7.0.4 | Q11: 2024-11-13 | R11: Security patches

Sheet VulnWatch
A1: Watch ID | B1: CVE ID | C1: Title | D1: Description | E1: Severity | F1: CVSS Score | G1: CVSS Vector | H1: Affected Component | I1: Affected Versions | J1: Our Version | K1: We Are Affected | L1: Affected Projects | M1: Exploit Available | N1: CISA KEV | O1: EPSS Score | P1: Patch Available | Q1: Patch Version | R1: Discovery Date | S1: Our Status | T1: Remediation Due | U1: Remediation Plan | V1: Assigned To | W1: Notes
A2: VW-001 | B2: CVE-2024-21762 | C2: FortiOS SSL VPN RCE | D2: Out-of-bounds write allows remote code execution | E2: Critical | F2: 9.8 | G2: CVSS:3.1/AV:N/AC:L/PR:N/UI:N/S:U/C:H/I:H/A:H | H2: FortiOS | I2: <7.4.2, <7.2.6 | J2: N/A | K2: No | L2: - | M2: Yes | N2: Yes | O2: 0.97 | P2: Yes | Q2: 7.4.2, 7.2.6 | R2: 2024-02-08 | S2: Not Applicable | T2: - | U2: - | V2: - | W2: We do not use FortiGate
A3: VW-002 | B3: CVE-2024-3400 | C3: PAN-OS GlobalProtect RCE | D3: Command injection in GlobalProtect | E3: Critical | F3: 10 | G3: CVSS:3.1/AV:N/AC:L/PR:N/UI:N/S:C/C:H/I:H/A:H | H3: PAN-OS | I3: <11.1.2-h3, <11.0.4-h1 | J3: N/A | K3: No | L3: - | M3: Yes | N3: Yes | O3: 0.99 | P3: Yes | Q3: 11.1.2-h3 | R3: 2024-04-12 | S3: Not Applicable | T3: - | U3: - | V3: - | W3: We do not use Palo Alto
A4: VW-003 | B4: CVE-2021-44228 | C4: Log4Shell | D4: Remote code execution in Log4j JNDI lookup | E4: Critical | F4: 10 | G4: CVSS:3.1/AV:N/AC:L/PR:N/UI:N/S:C/C:H/I:H/A:H | H4: log4j-core | I4: <2.17.0 | J4: 2.17.1 | K4: No | L4: - | M4: No | N4: Yes | O4: 0.97 | P4: Yes | Q4: 2.17.1+ | R4: 2021-12-09 | S4: Resolved | T4: - | U4: Upgraded to 2.17.1 | V4: Backend Team | W4: Patched in Dec 2021
A5: VW-004 | B5: CVE-2024-29944 | C5: Spring Security Bypass | D5: Authorization bypass via path matching | E5: High | F5: 8.1 | G5: CVSS:3.1/AV:N/AC:L/PR:L/UI:N/S:U/C:H/I:H/A:N | H5: spring-security | I5: <6.2.3, <6.1.7 | J5: 5.7.x | K5: Yes | L5: PROJ-003 | M5: No | N5: No | O5: 0.45 | P5: Yes | Q5: 6.2.3, 6.1.7 | R5: 2024-03-18 | S5: In Progress | T5: 2024-11-30 | U5: Upgrade Spring Boot to 3.x | V5: Backend Team | W5: Part of Spring Boot 3 migration
A6: VW-005 | B6: CVE-2024-27318 | C6: Lodash Prototype Pollution | D6: Prototype pollution via set/setWith | E6: High | F6: 7.5 | G6: CVSS:3.1/AV:N/AC:L/PR:N/UI:N/S:U/C:N/I:H/A:N | H6: lodash | I6: <4.17.21 | J6: 4.17.15 | K6: Yes | L6: PROJ-001,PROJ-002 | M6: No | N6: No | O6: 0.23 | P6: Yes | Q6: 4.17.21 | R6: 2024-01-15 | S6: Open | T6: 2024-12-01 | U6: Update lodash across projects | V6: Frontend Team | W6: Automated PR pending review
A7: VW-006 | B7: CVE-2024-21538 | C7: Jackson Deserialization | D7: Unsafe deserialization in Jackson | E7: High | F7: 7.5 | G7: CVSS:3.1/AV:N/AC:L/PR:N/UI:N/S:U/C:N/I:H/A:N | H7: jackson-databind | I7: <2.15.3 | J7: 2.15.3 | K7: No | L7: - | M7: No | N7: No | O7: 0.35 | P7: Yes | Q7: 2.15.3+ | R7: 2024-01-22 | S7: Resolved | T7: - | U7: Upgraded to 2.15.3 | V7: Backend Team | W7: Patched
A8: VW-007 | B8: CVE-2024-30172 | C8: Moment.js ReDoS | D8: Regular expression denial of service | E8: Medium | F8: 5.3 | G8: CVSS:3.1/AV:N/AC:L/PR:N/UI:N/S:U/C:N/I:N/A:L | H8: moment | I8: <2.29.4 | J8: 2.29.4 | K8: No | L8: - | M8: No | N8: No | O8: 0.12 | P8: Yes | Q8: 2.29.4 | R8: 2024-02-05 | S8: Resolved | T8: - | U8: Already on patched version | V8: - | W8: But consider migration anyway
A9: VW-008 | B9: CVE-2024-PENDING | C9: Node.js HTTP/2 DoS | D9: Memory exhaustion via HTTP/2 CONTINUATION | E9: High | F9: 7.5 | G9: CVSS:3.1/AV:N/AC:L/PR:N/UI:N/S:U/C:N/I:N/A:H | H9: Node.js | I9: <20.12.0, <21.7.0 | J9: 20.10.0 | K9: Yes | L9: PROJ-001,PROJ-004 | M9: No | N9: No | O9: 0.55 | P9: Yes | Q9: 20.12.0 | R9: 2024-04-03 | S9: Open | T9: 2024-11-20 | U9: Schedule Node.js update | V9: DevOps Team | W9: Coordinate with deployment

Sheet VersionMatrix
A1: 📊 DEPENDENCY VERSION MATRIX BY PROJECT
A3: Component | B3: Type | C3: Latest | D3: PROJ-001 | E3: PROJ-002 | F3: PROJ-003 | G3: PROJ-004 | H3: PROJ-005 | I3: Variance | J3: Risk | K3: Notes
A4: lodash | B4: npm | C4: 4.17.21 | D4: 4.17.15 | E4: 4.17.15 | F4: - | G4: - | H4: - | I4: 2 | J4: High | K4: 3 CVEs in older version
A5: axios | B5: npm | C5: 1.6.2 | D5: 1.6.2 | E5: 1.5.0 | F5: - | G5: 1.6.2 | H5: - | I5: 1 | J5: Low | K5: Minor version gap
A6: express | B6: npm | C6: 4.19.2 | D6: 4.18.2 | E6: - | F6: - | G6: - | H6: - | I6: 1 | J6: Medium | K6: Security patch
A7: react | B7: npm | C7: 18.2.0 | D7: 18.2.0 | E7: - | F7: - | G7: - | H7: - | I7: 0 | J7: None | K7: Current
A8: vue | B8: npm | C8: 3.4.15 | D8: - | E8: 3.4.0 | F8: - | G8: - | H8: - | I8: 1 | J8: Low | K8: Minor update
A9: django | B9: pypi | C9: 4.2.7 | D9: - | E9: 4.2.7 | F9: - | G9: - | H9: - | I9: 0 | J9: None | K9: Current
A10: spring-boot | B10: maven | C10: 3.2.0 | D10: - | E10: - | F10: 2.7.18 | G10: - | H10: - | I10: 3 | J10: Critical | K10: Major version behind
A11: log4j-core | B11: maven | C11: 2.23.1 | D11: - | E11: - | F11: 2.17.1 | G11: - | H11: - | I11: 2 | J11: High | K11: Security updates
A12: fastapi | B12: pypi | C12: 0.104.1 | D12: - | E12: - | F12: - | G12: 0.104.0 | H12: - | I12: 1 | J12: Low | K12: Patch available
A13: gin | B13: go | C13: 1.9.1 | D13: - | E13: - | F13: - | G13: 1.9.1 | H13: - | I13: 0 | J13: None | K13: Current
A14: airflow | B14: pypi | C14: 2.8.0 | D14: - | E14: - | F14: - | G14: - | H14: 2.8.0 | I14: 0 | J14: None | K14: Current
A15: Node.js | B15: runtime | C15: 20.10.0 | D15: 20.10.0 | E15: - | F15: - | G15: 20.10.0 | H15: - | I15: 0 | J15: None | K15: LTS
... A19: MongoDB | B19: database | C19: 7.0.4 | D19: - | E19: - | F19: - | G19: 7.0.0 | H19: - | I19: 1 | J19: Low | K19: Patch available

Sheet UpdateLog
A1: Log ID | B1: Date | C1: Project | D1: Component | E1: Type | F1: From Version | G1: To Version | H1: Change Type | I1: Breaking Changes | J1: Testing Status | K1: Deployed To | L1: Updated By | M1: PR/Ticket | N1: Rollback Plan | O1: Notes
A2: LOG-001 | B2: 2024-11-15 | C2: PROJ-001 | D2: express | E2: Dependency | F2: 4.18.2 | G2: 4.19.2 | H2: Patch | I2: No | J2: Passed | K2: Production | L2: jsmith | M2: PR-1234 | N2: Revert PR-1234 | O2: Security fix for path traversal
A3: LOG-002 | B3: 2024-11-14 | C3: PROJ-002 | D3: React | E3: Framework | F3: 17.0.2 | G3: 18.2.0 | H3: Major | I3: Yes | J3: Passed | K3: Production | L3: achen | M3: PR-1230 | N3: Feature flag rollback | O3: Concurrent rendering migration
A4: LOG-003 | B4: 2024-11-13 | C4: PROJ-002 | D4: Django | E4: Framework | F4: 4.1.0 | G4: 4.2.7 | H4: Minor | I4: No | J4: Passed | K4: Production | L4: mwilson | M4: PR-1225 | N4: Revert to 4.1.0 | O4: LTS upgrade
A5: LOG-004 | B5: 2024-11-12 | C5: PROJ-001 | D5: axios | E5: Dependency | F5: 1.4.0 | G5: 1.6.2 | H5: Minor | I5: No | J5: Passed | K5: Production | L5: jsmith | M5: PR-1220 | N5: npm install axios@1.4.0 | O5: Automated via Dependabot
A6: LOG-005 | B6: 2024-11-10 | C6: PROJ-003 | D6: jackson-databind | E6: Dependency | F6: 2.14.0 | G6: 2.15.3 | H6: Minor | I6: No | J6: Passed | K6: Production | L6: lwang | M6: JIRA-5678 | N6: Rollback POM version | O6: CVE remediation
A7: LOG-006 | B7: 2024-11-08 | C7: PROJ-004 | D7: gin | E7: Framework | F7: 1.9.0 | G7: 1.9.1 | H7: Patch | I7: No | J7: Passed | K7: Staging | L7: tbrown | M7: PR-1215 | N7: go mod tidy | O7: Minor bug fixes

Sheet Lookups
A1: ⚙️ REFERENCE DATA & DEFINITIONS
A3: SEVERITY LEVELS | F3: USEFUL RESOURCES
A4: Severity | B4: CVSS Range | C4: SLA (Days) | D4: Color | F4: NVD | G4: https://nvd.nist.gov/
A5: Critical | B5: 9.0 - 10.0 | C5: 1-3 | F5: CISA KEV | G5: https://www.cisa.gov/known-exploited-vulnerabilities-catalog
A6: High | B6: 7.0 - 8.9 | C6: 7 | F6: EPSS | G6: https://www.first.org/epss/
A7: Medium | B7: 4.0 - 6.9 | C7: 30 | F7: Snyk Vuln DB | G7: https://security.snyk.io/
A8: Low | B8: 0.1 - 3.9 | C8: 90 | F8: GitHub Advisory | G8: https://github.com/advisories
A9: Informational | B9: 0.0 | C9: Best Effort | F9: OSV | G9: https://osv.dev/
F10: MITRE CVE | G10: https://cve.mitre.org/
A12: UPDATE STATUS
A13: Status | B13: Description | C13: Action Required
A14: Current | B14: On latest stable version | C14: None - monitor
A15: Outdated | B15: Behind by minor/patch versions | C15: Schedule update
A16: Critical | B16: Major security vulnerabilities | C16: Immediate action
A17: Unknown | B17: Version not tracked | C17: Investigate
A20: PACKAGE REGISTRIES
A21: Type | B21: Registry | C21: Language/Platform
A22: npm | B22: npmjs.com | C22: JavaScript/Node.js
A23: maven | B23: Maven Central | C23: Java/Kotlin
A24: pypi | B24: pypi.org | C24: Python
A25: go | B25: pkg.go.dev | C25: Go
A26: nuget | B26: nuget.org | C26: .NET/C#
A27: cargo | B27: crates.io | C27: Rust
A28: gem | B28: rubygems.org | C28: Ruby
A29: composer | B29: packagist.org | C29: PHP
